[{"model": "dashboard.userdashboardmodule", "pk": 1, "fields": {"title": "Quick links", "module": "jet.dashboard.modules.LinkList", "app_label": null, "user": 1, "column": 0, "order": 0, "settings": "{\"draggable\": false, \"deletable\": false, \"collapsible\": false, \"layout\": \"inline\"}", "children": "[{\"title\": \"Return to site\", \"url\": \"/\"}, {\"title\": \"Change password\", \"url\": \"/admin/password_change/\"}, {\"title\": \"Log out\", \"url\": \"/admin/logout/\"}]", "collapsed": false}}, {"model": "dashboard.userdashboardmodule", "pk": 2, "fields": {"title": "Applications", "module": "jet.dashboard.modules.AppList", "app_label": null, "user": 1, "column": 1, "order": 0, "settings": "{\"models\": null, \"exclude\": [\"auth.*\"]}", "children": "", "collapsed": false}}, {"model": "dashboard.userdashboardmodule", "pk": 3, "fields": {"title": "Administration", "module": "jet.dashboard.modules.AppList", "app_label": null, "user": 1, "column": 2, "order": 0, "settings": "{\"models\": [\"auth.*\"], \"exclude\": null}", "children": "", "collapsed": false}}, {"model": "dashboard.userdashboardmodule", "pk": 4, "fields": {"title": "Recent Actions", "module": "jet.dashboard.modules.RecentActions", "app_label": null, "user": 1, "column": 0, "order": 1, "settings": "{\"limit\": 10, \"include_list\": null, \"exclude_list\": null, \"user\": null}", "children": "", "collapsed": false}}, {"model": "dashboard.userdashboardmodule", "pk": 5, "fields": {"title": "Latest Django News", "module": "jet.dashboard.modules.Feed", "app_label": null, "user": 1, "column": 1, "order": 1, "settings": "{\"feed_url\": \"http://www.djangoproject.com/rss/weblog/\", \"limit\": 5}", "children": "", "collapsed": false}}, {"model": "dashboard.userdashboardmodule", "pk": 6, "fields": {"title": "Support", "module": "jet.dashboard.modules.LinkList", "app_label": null, "user": 1, "column": 2, "order": 1, "settings": "{\"draggable\": true, \"deletable\": true, \"collapsible\": true, \"layout\": \"stacked\"}", "children": "[{\"title\": \"Django documentation\", \"url\": \"http://docs.djangoproject.com/\", \"external\": true}, {\"title\": \"Django \\\"django-users\\\" mailing list\", \"url\": \"http://groups.google.com/group/django-users\", \"external\": true}, {\"title\": \"Django irc channel\", \"url\": \"irc://irc.freenode.net/django\", \"external\": true}]", "collapsed": false}}, {"model": "dashboard.userdashboardmodule", "pk": 7, "fields": {"title": "Application models", "module": "jet.dashboard.modules.ModelList", "app_label": "auth", "user": 1, "column": 0, "order": 0, "settings": "{\"models\": [\"auth.*\"], \"exclude\": null}", "children": "", "collapsed": false}}, {"model": "dashboard.userdashboardmodule", "pk": 8, "fields": {"title": "Recent Actions", "module": "jet.dashboard.modules.RecentActions", "app_label": "auth", "user": 1, "column": 1, "order": 0, "settings": "{\"limit\": 10, \"include_list\": [\"auth.*\"], \"exclude_list\": null, \"user\": null}", "children": "", "collapsed": false}}, {"model": "dashboard.userdashboardmodule", "pk": 9, "fields": {"title": "Application models", "module": "jet.dashboard.modules.ModelList", "app_label": "candidates", "user": 1, "column": 0, "order": 0, "settings": "{\"models\": [\"candidates.*\"], \"exclude\": null}", "children": "", "collapsed": false}}, {"model": "dashboard.userdashboardmodule", "pk": 10, "fields": {"title": "Recent Actions", "module": "jet.dashboard.modules.RecentActions", "app_label": "candidates", "user": 1, "column": 1, "order": 0, "settings": "{\"limit\": 10, \"include_list\": [\"candidates.*\"], \"exclude_list\": null, \"user\": null}", "children": "", "collapsed": false}}, {"model": "dashboard.userdashboardmodule", "pk": 11, "fields": {"title": "Application models", "module": "jet.dashboard.modules.ModelList", "app_label": "voting", "user": 1, "column": 0, "order": 0, "settings": "{\"models\": [\"voting.*\"], \"exclude\": null}", "children": "", "collapsed": false}}, {"model": "dashboard.userdashboardmodule", "pk": 12, "fields": {"title": "Recent Actions", "module": "jet.dashboard.modules.RecentActions", "app_label": "voting", "user": 1, "column": 1, "order": 0, "settings": "{\"limit\": 10, \"include_list\": [\"voting.*\"], \"exclude_list\": null, \"user\": null}", "children": "", "collapsed": false}}, {"model": "admin.logentry", "pk": 1, "fields": {"action_time": "2024-11-25T16:27:22.682Z", "user": 1, "content_type": 10, "object_id": "1", "object_repr": "SiteParameters object (1)", "action_flag": 2, "change_message": "[{\"changed\": {\"fields\": [\"Winners reveal date\"]}}]"}}, {"model": "admin.logentry", "pk": 2, "fields": {"action_time": "2024-11-25T22:11:00.243Z", "user": 1, "content_type": 15, "object_id": "1", "object_repr": "Category 1 (C1)", "action_flag": 1, "change_message": "[{\"added\": {}}]"}}, {"model": "admin.logentry", "pk": 3, "fields": {"action_time": "2024-11-25T22:11:10.628Z", "user": 1, "content_type": 15, "object_id": "2", "object_repr": "Category 2 (C2)", "action_flag": 1, "change_message": "[{\"added\": {}}]"}}, {"model": "admin.logentry", "pk": 4, "fields": {"action_time": "2024-11-25T22:11:22.695Z", "user": 1, "content_type": 15, "object_id": "3", "object_repr": "Category 3 (C3)", "action_flag": 1, "change_message": "[{\"added\": {}}]"}}, {"model": "admin.logentry", "pk": 5, "fields": {"action_time": "2024-11-25T22:11:33.567Z", "user": 1, "content_type": 15, "object_id": "4", "object_repr": "Category 4 (C4)", "action_flag": 1, "change_message": "[{\"added\": {}}]"}}, {"model": "admin.logentry", "pk": 6, "fields": {"action_time": "2024-11-25T22:12:14.865Z", "user": 1, "content_type": 11, "object_id": "1", "object_repr": "Gender 1 (G1)", "action_flag": 1, "change_message": "[{\"added\": {}}]"}}, {"model": "admin.logentry", "pk": 7, "fields": {"action_time": "2024-11-25T22:12:26.877Z", "user": 1, "content_type": 12, "object_id": "1", "object_repr": "Nationality 1 (N1)", "action_flag": 1, "change_message": "[{\"added\": {}}]"}}, {"model": "admin.logentry", "pk": 8, "fields": {"action_time": "2024-11-25T22:12:36.147Z", "user": 1, "content_type": 13, "object_id": "1", "object_repr": "Candidate 1, 22", "action_flag": 1, "change_message": "[{\"added\": {}}]"}}, {"model": "admin.logentry", "pk": 9, "fields": {"action_time": "2024-11-25T22:12:51.417Z", "user": 1, "content_type": 13, "object_id": "2", "object_repr": "Candidate 2, 23", "action_flag": 1, "change_message": "[{\"added\": {}}]"}}, {"model": "admin.logentry", "pk": 10, "fields": {"action_time": "2024-11-25T22:13:09.481Z", "user": 1, "content_type": 13, "object_id": "3", "object_repr": "Candidate 3, 24", "action_flag": 1, "change_message": "[{\"added\": {}}]"}}, {"model": "admin.logentry", "pk": 11, "fields": {"action_time": "2024-11-25T22:13:24.111Z", "user": 1, "content_type": 13, "object_id": "4", "object_repr": "Candidate 4, 25", "action_flag": 1, "change_message": "[{\"added\": {}}]"}}, {"model": "admin.logentry", "pk": 12, "fields": {"action_time": "2024-11-25T22:13:44.702Z", "user": 1, "content_type": 13, "object_id": "5", "object_repr": "Candidate 5, 26", "action_flag": 1, "change_message": "[{\"added\": {}}]"}}, {"model": "admin.logentry", "pk": 13, "fields": {"action_time": "2024-11-28T17:04:40.156Z", "user": 1, "content_type": 13, "object_id": "5", "object_repr": "Candidate 5, 26", "action_flag": 2, "change_message": "[{\"added\": {\"name\": \"candidate image\", \"object\": \"Image for Candidate 5\"}}]"}}, {"model": "admin.logentry", "pk": 14, "fields": {"action_time": "2024-11-28T17:11:15.966Z", "user": 1, "content_type": 13, "object_id": "5", "object_repr": "Candidate 5, 26", "action_flag": 2, "change_message": "[{\"added\": {\"name\": \"candidate image\", \"object\": \"Image for Candidate 5\"}}]"}}, {"model": "admin.logentry", "pk": 15, "fields": {"action_time": "2024-11-28T17:20:31.745Z", "user": 1, "content_type": 13, "object_id": "5", "object_repr": "Candidate 5, 26", "action_flag": 2, "change_message": "[{\"added\": {\"name\": \"candidate image\", \"object\": \"Image for Candidate 5\"}}]"}}, {"model": "admin.logentry", "pk": 16, "fields": {"action_time": "2024-11-28T17:20:41.449Z", "user": 1, "content_type": 13, "object_id": "5", "object_repr": "Candidate 5, 26", "action_flag": 2, "change_message": "[{\"changed\": {\"name\": \"candidate image\", \"object\": \"Image for Candidate 5\", \"fields\": [\"Main image\"]}}, {\"changed\": {\"name\": \"candidate image\", \"object\": \"Image for Candidate 5\", \"fields\": [\"Main image\"]}}]"}}, {"model": "admin.logentry", "pk": 17, "fields": {"action_time": "2024-11-28T17:23:56.722Z", "user": 1, "content_type": 13, "object_id": "5", "object_repr": "Candidate 5, 26", "action_flag": 2, "change_message": "[{\"deleted\": {\"name\": \"candidate image\", \"object\": \"Image for Candidate 5\"}}, {\"deleted\": {\"name\": \"candidate image\", \"object\": \"Image for Candidate 5\"}}, {\"deleted\": {\"name\": \"candidate image\", \"object\": \"Image for Candidate 5\"}}]"}}, {"model": "admin.logentry", "pk": 18, "fields": {"action_time": "2024-11-28T17:24:05.942Z", "user": 1, "content_type": 13, "object_id": "5", "object_repr": "Candidate 5, 26", "action_flag": 2, "change_message": "[{\"added\": {\"name\": \"candidate image\", \"object\": \"Image for Candidate 5\"}}]"}}, {"model": "admin.logentry", "pk": 19, "fields": {"action_time": "2024-11-28T17:45:27.018Z", "user": 1, "content_type": 13, "object_id": "5", "object_repr": "Candidate 5, 26", "action_flag": 2, "change_message": "[{\"added\": {\"name\": \"candidate image\", \"object\": \"Image for Candidate 5\"}}, {\"deleted\": {\"name\": \"candidate image\", \"object\": \"Image for Candidate 5\"}}]"}}, {"model": "admin.logentry", "pk": 20, "fields": {"action_time": "2024-11-28T17:48:50.286Z", "user": 1, "content_type": 16, "object_id": "12", "object_repr": "admin voted 1 Points points for Candidate 5, 26 in Category 4 (C4)", "action_flag": 3, "change_message": ""}}, {"model": "admin.logentry", "pk": 21, "fields": {"action_time": "2024-11-28T17:48:50.383Z", "user": 1, "content_type": 16, "object_id": "10", "object_repr": "admin voted 1 Points points for Candidate 1, 22 in Category 4 (C4)", "action_flag": 3, "change_message": ""}}, {"model": "admin.logentry", "pk": 22, "fields": {"action_time": "2024-11-28T17:48:50.479Z", "user": 1, "content_type": 16, "object_id": "13", "object_repr": "admin voted 2 Points points for Candidate 2, 23 in Category 4 (C4)", "action_flag": 3, "change_message": ""}}, {"model": "admin.logentry", "pk": 23, "fields": {"action_time": "2024-11-28T17:48:50.576Z", "user": 1, "content_type": 16, "object_id": "11", "object_repr": "admin voted 2 Points points for Candidate 3, 24 in Category 4 (C4)", "action_flag": 3, "change_message": ""}}, {"model": "admin.logentry", "pk": 24, "fields": {"action_time": "2024-11-28T17:49:36.307Z", "user": 1, "content_type": 16, "object_id": "1", "object_repr": "admin voted 1 Points points for Candidate 1, 22 in Category 1 (C1)", "action_flag": 3, "change_message": ""}}, {"model": "admin.logentry", "pk": 25, "fields": {"action_time": "2024-11-28T17:49:36.403Z", "user": 1, "content_type": 16, "object_id": "2", "object_repr": "admin voted 2 Points points for Candidate 2, 23 in Category 1 (C1)", "action_flag": 3, "change_message": ""}}, {"model": "admin.logentry", "pk": 26, "fields": {"action_time": "2024-11-28T17:49:36.499Z", "user": 1, "content_type": 16, "object_id": "3", "object_repr": "admin voted 4 Points points for Candidate 4, 25 in Category 1 (C1)", "action_flag": 3, "change_message": ""}}, {"model": "admin.logentry", "pk": 27, "fields": {"action_time": "2024-11-28T17:49:36.596Z", "user": 1, "content_type": 16, "object_id": "4", "object_repr": "admin voted 1 Points points for Candidate 5, 26 in Category 2 (C2)", "action_flag": 3, "change_message": ""}}, {"model": "admin.logentry", "pk": 28, "fields": {"action_time": "2024-11-28T17:49:36.692Z", "user": 1, "content_type": 16, "object_id": "5", "object_repr": "admin voted 2 Points points for Candidate 4, 25 in Category 2 (C2)", "action_flag": 3, "change_message": ""}}, {"model": "admin.logentry", "pk": 29, "fields": {"action_time": "2024-11-28T17:49:36.788Z", "user": 1, "content_type": 16, "object_id": "6", "object_repr": "admin voted 4 Points points for Candidate 2, 23 in Category 2 (C2)", "action_flag": 3, "change_message": ""}}, {"model": "admin.logentry", "pk": 30, "fields": {"action_time": "2024-11-28T17:49:36.885Z", "user": 1, "content_type": 16, "object_id": "7", "object_repr": "admin voted 1 Points points for Candidate 5, 26 in Category 3 (C3)", "action_flag": 3, "change_message": ""}}, {"model": "admin.logentry", "pk": 31, "fields": {"action_time": "2024-11-28T17:49:36.981Z", "user": 1, "content_type": 16, "object_id": "8", "object_repr": "admin voted 2 Points points for Candidate 2, 23 in Category 3 (C3)", "action_flag": 3, "change_message": ""}}, {"model": "admin.logentry", "pk": 32, "fields": {"action_time": "2024-11-28T17:49:37.077Z", "user": 1, "content_type": 16, "object_id": "9", "object_repr": "admin voted 4 Points points for Candidate 1, 22 in Category 3 (C3)", "action_flag": 3, "change_message": ""}}, {"model": "admin.logentry", "pk": 33, "fields": {"action_time": "2024-11-28T17:49:37.174Z", "user": 1, "content_type": 16, "object_id": "15", "object_repr": "admin voted 1 Points points for Candidate 5, 26 in Category 4 (C4)", "action_flag": 3, "change_message": ""}}, {"model": "admin.logentry", "pk": 34, "fields": {"action_time": "2024-11-28T17:49:37.270Z", "user": 1, "content_type": 16, "object_id": "16", "object_repr": "admin voted 2 Points points for Candidate 2, 23 in Category 4 (C4)", "action_flag": 3, "change_message": ""}}, {"model": "admin.logentry", "pk": 35, "fields": {"action_time": "2024-11-28T17:49:37.366Z", "user": 1, "content_type": 16, "object_id": "17", "object_repr": "admin voted 4 Points points for Candidate 1, 22 in Category 4 (C4)", "action_flag": 3, "change_message": ""}}, {"model": "admin.logentry", "pk": 36, "fields": {"action_time": "2024-11-28T21:17:24.070Z", "user": 1, "content_type": 16, "object_id": "18", "object_repr": "admin voted 1 Points points for Candidate 2, 23 in Category 1 (C1)", "action_flag": 3, "change_message": ""}}, {"model": "admin.logentry", "pk": 37, "fields": {"action_time": "2024-11-28T21:17:24.115Z", "user": 1, "content_type": 16, "object_id": "19", "object_repr": "admin voted 2 Points points for Candidate 1, 22 in Category 1 (C1)", "action_flag": 3, "change_message": ""}}, {"model": "admin.logentry", "pk": 38, "fields": {"action_time": "2024-11-28T21:20:28.161Z", "user": 1, "content_type": 16, "object_id": "22", "object_repr": "admin voted 1 Points points for Candidate 1, 22 in Category 1 (C1)", "action_flag": 3, "change_message": ""}}, {"model": "admin.logentry", "pk": 39, "fields": {"action_time": "2024-11-28T21:20:28.203Z", "user": 1, "content_type": 16, "object_id": "23", "object_repr": "admin voted 2 Points points for Candidate 2, 23 in Category 1 (C1)", "action_flag": 3, "change_message": ""}}, {"model": "admin.logentry", "pk": 40, "fields": {"action_time": "2024-11-28T21:20:28.244Z", "user": 1, "content_type": 16, "object_id": "24", "object_repr": "admin voted 4 Points points for Candidate 3, 24 in Category 1 (C1)", "action_flag": 3, "change_message": ""}}, {"model": "admin.logentry", "pk": 41, "fields": {"action_time": "2024-11-28T21:20:28.282Z", "user": 1, "content_type": 16, "object_id": "25", "object_repr": "admin voted 1 Points points for Candidate 3, 24 in Category 2 (C2)", "action_flag": 3, "change_message": ""}}, {"model": "admin.logentry", "pk": 42, "fields": {"action_time": "2024-11-28T21:20:28.324Z", "user": 1, "content_type": 16, "object_id": "26", "object_repr": "admin voted 2 Points points for Candidate 2, 23 in Category 2 (C2)", "action_flag": 3, "change_message": ""}}, {"model": "admin.logentry", "pk": 43, "fields": {"action_time": "2024-11-28T21:28:18.229Z", "user": 1, "content_type": 16, "object_id": "37", "object_repr": "admin voted 1 Points points for Candidate 2, 23 in Category 4 (C4)", "action_flag": 3, "change_message": ""}}, {"model": "admin.logentry", "pk": 44, "fields": {"action_time": "2024-11-28T21:28:18.281Z", "user": 1, "content_type": 16, "object_id": "38", "object_repr": "admin voted 2 Points points for Candidate 5, 26 in Category 4 (C4)", "action_flag": 3, "change_message": ""}}, {"model": "admin.logentry", "pk": 45, "fields": {"action_time": "2024-11-28T21:28:18.335Z", "user": 1, "content_type": 16, "object_id": "39", "object_repr": "admin voted 4 Points points for Candidate 4, 25 in Category 4 (C4)", "action_flag": 3, "change_message": ""}}, {"model": "admin.logentry", "pk": 46, "fields": {"action_time": "2024-11-29T14:36:38.515Z", "user": 1, "content_type": 16, "object_id": "28", "object_repr": "admin voted 1 Points points for Candidate 1, 22 in Category 1 (C1)", "action_flag": 3, "change_message": ""}}, {"model": "admin.logentry", "pk": 47, "fields": {"action_time": "2024-11-29T14:36:38.617Z", "user": 1, "content_type": 16, "object_id": "29", "object_repr": "admin voted 2 Points points for Candidate 2, 23 in Category 1 (C1)", "action_flag": 3, "change_message": ""}}, {"model": "admin.logentry", "pk": 48, "fields": {"action_time": "2024-11-29T14:36:38.718Z", "user": 1, "content_type": 16, "object_id": "30", "object_repr": "admin voted 4 Points points for Candidate 5, 26 in Category 1 (C1)", "action_flag": 3, "change_message": ""}}, {"model": "admin.logentry", "pk": 49, "fields": {"action_time": "2024-11-29T14:36:38.819Z", "user": 1, "content_type": 16, "object_id": "31", "object_repr": "admin voted 1 Points points for Candidate 2, 23 in Category 2 (C2)", "action_flag": 3, "change_message": ""}}, {"model": "admin.logentry", "pk": 50, "fields": {"action_time": "2024-11-29T14:36:38.920Z", "user": 1, "content_type": 16, "object_id": "32", "object_repr": "admin voted 2 Points points for Candidate 3, 24 in Category 2 (C2)", "action_flag": 3, "change_message": ""}}, {"model": "admin.logentry", "pk": 51, "fields": {"action_time": "2024-11-29T14:36:39.021Z", "user": 1, "content_type": 16, "object_id": "33", "object_repr": "admin voted 4 Points points for Candidate 4, 25 in Category 2 (C2)", "action_flag": 3, "change_message": ""}}, {"model": "admin.logentry", "pk": 52, "fields": {"action_time": "2024-11-29T14:36:39.123Z", "user": 1, "content_type": 16, "object_id": "34", "object_repr": "admin voted 1 Points points for Candidate 1, 22 in Category 3 (C3)", "action_flag": 3, "change_message": ""}}, {"model": "admin.logentry", "pk": 53, "fields": {"action_time": "2024-11-29T14:36:39.224Z", "user": 1, "content_type": 16, "object_id": "35", "object_repr": "admin voted 2 Points points for Candidate 2, 23 in Category 3 (C3)", "action_flag": 3, "change_message": ""}}, {"model": "admin.logentry", "pk": 54, "fields": {"action_time": "2024-11-29T14:36:39.325Z", "user": 1, "content_type": 16, "object_id": "36", "object_repr": "admin voted 4 Points points for Candidate 3, 24 in Category 3 (C3)", "action_flag": 3, "change_message": ""}}, {"model": "admin.logentry", "pk": 55, "fields": {"action_time": "2024-11-29T14:36:39.426Z", "user": 1, "content_type": 16, "object_id": "40", "object_repr": "admin voted 1 Points points for Candidate 1, 22 in Category 4 (C4)", "action_flag": 3, "change_message": ""}}, {"model": "admin.logentry", "pk": 56, "fields": {"action_time": "2024-11-29T14:36:39.526Z", "user": 1, "content_type": 16, "object_id": "41", "object_repr": "admin voted 2 Points points for Candidate 2, 23 in Category 4 (C4)", "action_flag": 3, "change_message": ""}}, {"model": "admin.logentry", "pk": 57, "fields": {"action_time": "2024-11-29T14:36:39.627Z", "user": 1, "content_type": 16, "object_id": "42", "object_repr": "admin voted 4 Points points for Candidate 4, 25 in Category 4 (C4)", "action_flag": 3, "change_message": ""}}, {"model": "admin.logentry", "pk": 58, "fields": {"action_time": "2024-12-02T11:27:45.834Z", "user": 1, "content_type": 16, "object_id": "49", "object_repr": "admin voted 1 Points points for Candidate 1, 22 in Category 3 (C3)", "action_flag": 3, "change_message": ""}}, {"model": "admin.logentry", "pk": 59, "fields": {"action_time": "2024-12-02T11:27:45.877Z", "user": 1, "content_type": 16, "object_id": "50", "object_repr": "admin voted 2 Points points for Candidate 2, 23 in Category 3 (C3)", "action_flag": 3, "change_message": ""}}, {"model": "admin.logentry", "pk": 60, "fields": {"action_time": "2024-12-02T11:27:45.921Z", "user": 1, "content_type": 16, "object_id": "51", "object_repr": "admin voted 4 Points points for Candidate 3, 24 in Category 3 (C3)", "action_flag": 3, "change_message": ""}}, {"model": "admin.logentry", "pk": 61, "fields": {"action_time": "2024-12-02T15:44:55.296Z", "user": 1, "content_type": 10, "object_id": "1", "object_repr": "SiteParameters object (1)", "action_flag": 2, "change_message": "[{\"changed\": {\"fields\": [\"Winners reveal date\"]}}]"}}, {"model": "admin.logentry", "pk": 62, "fields": {"action_time": "2024-12-02T16:04:28.865Z", "user": 1, "content_type": 10, "object_id": "1", "object_repr": "SiteParameters object (1)", "action_flag": 1, "change_message": "[{\"added\": {}}]"}}, {"model": "admin.logentry", "pk": 63, "fields": {"action_time": "2024-12-02T16:12:12.464Z", "user": 1, "content_type": 10, "object_id": "1", "object_repr": "SiteParameters object (1)", "action_flag": 2, "change_message": "[{\"changed\": {\"fields\": [\"Winners reveal date\"]}}]"}}, {"model": "admin.logentry", "pk": 64, "fields": {"action_time": "2024-12-04T09:47:03.116Z", "user": 1, "content_type": 13, "object_id": "1", "object_repr": "Moro Moreno, 22", "action_flag": 2, "change_message": "[{\"changed\": {\"fields\": [\"Name\", \"Surname\"]}}, {\"added\": {\"name\": \"candidate image\", \"object\": \"Image for Moro Moreno\"}}]"}}, {"model": "admin.logentry", "pk": 65, "fields": {"action_time": "2024-12-04T09:47:21.124Z", "user": 1, "content_type": 13, "object_id": "2", "object_repr": "Rauw Alejandro, 23", "action_flag": 2, "change_message": "[{\"changed\": {\"fields\": [\"Name\", \"Surname\"]}}, {\"added\": {\"name\": \"candidate image\", \"object\": \"Image for Rauw Alejandro\"}}]"}}, {"model": "admin.logentry", "pk": 66, "fields": {"action_time": "2024-12-04T09:47:36.676Z", "user": 1, "content_type": 13, "object_id": "3", "object_repr": "Javier Metrochenta, 24", "action_flag": 2, "change_message": "[{\"changed\": {\"fields\": [\"Name\", \"Surname\"]}}, {\"added\": {\"name\": \"candidate image\", \"object\": \"Image for Javier Metrochenta\"}}]"}}, {"model": "admin.logentry", "pk": 67, "fields": {"action_time": "2024-12-04T09:47:50.299Z", "user": 1, "content_type": 13, "object_id": "4", "object_repr": "Andrés Romero, 25", "action_flag": 2, "change_message": "[{\"changed\": {\"fields\": [\"Name\", \"Surname\"]}}, {\"added\": {\"name\": \"candidate image\", \"object\": \"Image for Andr\\u00e9s Romero\"}}]"}}, {"model": "admin.logentry", "pk": 68, "fields": {"action_time": "2024-12-04T09:48:18.342Z", "user": 1, "content_type": 13, "object_id": "5", "object_repr": "Jotas Pochas, 26", "action_flag": 2, "change_message": "[{\"changed\": {\"fields\": [\"Name\", \"Surname\"]}}, {\"changed\": {\"name\": \"candidate image\", \"object\": \"Image for Jotas Pochas\", \"fields\": [\"Image\"]}}]"}}, {"model": "admin.logentry", "pk": 69, "fields": {"action_time": "2024-12-04T14:31:51.552Z", "user": 1, "content_type": 10, "object_id": "1", "object_repr": "SiteParameters object (1)", "action_flag": 2, "change_message": "[{\"changed\": {\"fields\": [\"Winners reveal date\"]}}]"}}, {"model": "admin.logentry", "pk": 70, "fields": {"action_time": "2024-12-04T14:32:14.179Z", "user": 1, "content_type": 11, "object_id": "1", "object_repr": "Pansexual (PS)", "action_flag": 2, "change_message": "[{\"changed\": {\"fields\": [\"Code\", \"Name\"]}}]"}}, {"model": "admin.logentry", "pk": 71, "fields": {"action_time": "2024-12-04T14:32:23.347Z", "user": 1, "content_type": 11, "object_id": "2", "object_repr": "Heterobásico (HB)", "action_flag": 1, "change_message": "[{\"added\": {}}]"}}, {"model": "admin.logentry", "pk": 72, "fields": {"action_time": "2024-12-04T14:33:07.128Z", "user": 1, "content_type": 11, "object_id": "3", "object_repr": "Metrosexual (MS)", "action_flag": 1, "change_message": "[{\"added\": {}}]"}}, {"model": "admin.logentry", "pk": 73, "fields": {"action_time": "2024-12-04T14:33:16.384Z", "user": 1, "content_type": 11, "object_id": "4", "object_repr": "Homosapiens (HS)", "action_flag": 1, "change_message": "[{\"added\": {}}]"}}, {"model": "admin.logentry", "pk": 74, "fields": {"action_time": "2024-12-04T14:33:31.001Z", "user": 1, "content_type": 11, "object_id": "5", "object_repr": "Helicóptero apache de guerra (HG)", "action_flag": 1, "change_message": "[{\"added\": {}}]"}}, {"model": "admin.logentry", "pk": 75, "fields": {"action_time": "2024-12-04T14:33:51.035Z", "user": 1, "content_type": 11, "object_id": "6", "object_repr": "Transeconómico (TE)", "action_flag": 1, "change_message": "[{\"added\": {}}]"}}, {"model": "admin.logentry", "pk": 76, "fields": {"action_time": "2024-12-04T14:34:34.356Z", "user": 1, "content_type": 11, "object_id": "7", "object_repr": "Pizzasexual (PZ)", "action_flag": 1, "change_message": "[{\"added\": {}}]"}}, {"model": "admin.logentry", "pk": 77, "fields": {"action_time": "2024-12-04T14:35:01.232Z", "user": 1, "content_type": 12, "object_id": "1", "object_repr": "Perukistano (PK)", "action_flag": 2, "change_message": "[{\"changed\": {\"fields\": [\"Code\", \"Name\"]}}]"}}, {"model": "admin.logentry", "pk": 78, "fields": {"action_time": "2024-12-04T14:35:09.373Z", "user": 1, "content_type": 12, "object_id": "2", "object_repr": "Rumano (RO)", "action_flag": 1, "change_message": "[{\"added\": {}}]"}}, {"model": "admin.logentry", "pk": 79, "fields": {"action_time": "2024-12-04T14:35:21.848Z", "user": 1, "content_type": 12, "object_id": "3", "object_repr": "Íbero (ES)", "action_flag": 1, "change_message": "[{\"added\": {}}]"}}, {"model": "admin.logentry", "pk": 80, "fields": {"action_time": "2024-12-04T14:35:36.416Z", "user": 1, "content_type": 12, "object_id": "4", "object_repr": "Ukraniano (UR)", "action_flag": 1, "change_message": "[{\"added\": {}}]"}}, {"model": "admin.logentry", "pk": 81, "fields": {"action_time": "2024-12-04T14:35:48.233Z", "user": 1, "content_type": 12, "object_id": "5", "object_repr": "Marciano (MR)", "action_flag": 1, "change_message": "[{\"added\": {}}]"}}, {"model": "admin.logentry", "pk": 82, "fields": {"action_time": "2024-12-04T14:36:00.287Z", "user": 1, "content_type": 12, "object_id": "6", "object_repr": "Francés (FR)", "action_flag": 1, "change_message": "[{\"added\": {}}]"}}, {"model": "admin.logentry", "pk": 83, "fields": {"action_time": "2024-12-04T14:36:16.166Z", "user": 1, "content_type": 12, "object_id": "7", "object_repr": "Moroquí (MO)", "action_flag": 1, "change_message": "[{\"added\": {}}]"}}, {"model": "admin.logentry", "pk": 84, "fields": {"action_time": "2024-12-04T14:36:25.732Z", "user": 1, "content_type": 12, "object_id": "8", "object_repr": "Venezolano (VZ)", "action_flag": 1, "change_message": "[{\"added\": {}}]"}}, {"model": "admin.logentry", "pk": 85, "fields": {"action_time": "2024-12-04T14:38:25.536Z", "user": 1, "content_type": 12, "object_id": "9", "object_repr": "Ruso (RU)", "action_flag": 1, "change_message": "[{\"added\": {}}]"}}, {"model": "admin.logentry", "pk": 86, "fields": {"action_time": "2024-12-04T14:38:35.400Z", "user": 1, "content_type": 12, "object_id": "10", "object_repr": "Jamaicano (JA)", "action_flag": 1, "change_message": "[{\"added\": {}}]"}}, {"model": "admin.logentry", "pk": 87, "fields": {"action_time": "2024-12-04T14:41:06.609Z", "user": 1, "content_type": 15, "object_id": "1", "object_repr": "Cuñao del Año (CU)", "action_flag": 2, "change_message": "[{\"changed\": {\"fields\": [\"Code\", \"Name\", \"Description\", \"Slug\"]}}]"}}, {"model": "admin.logentry", "pk": 88, "fields": {"action_time": "2024-12-04T14:43:17.826Z", "user": 1, "content_type": 15, "object_id": "2", "object_repr": "Simp del año (SA)", "action_flag": 2, "change_message": "[{\"changed\": {\"fields\": [\"Code\", \"Name\", \"Description\", \"Slug\"]}}]"}}, {"model": "admin.logentry", "pk": 89, "fields": {"action_time": "2024-12-04T14:43:37.277Z", "user": 1, "content_type": 15, "object_id": "3", "object_repr": "Category 3 (VS)", "action_flag": 2, "change_message": "[{\"changed\": {\"fields\": [\"Code\"]}}]"}}, {"model": "admin.logentry", "pk": 90, "fields": {"action_time": "2024-12-04T14:45:00.100Z", "user": 1, "content_type": 15, "object_id": "3", "object_repr": "Virgen del Año (VA)", "action_flag": 2, "change_message": "[{\"changed\": {\"fields\": [\"Code\", \"Name\", \"Description\", \"Slug\"]}}]"}}, {"model": "admin.logentry", "pk": 91, "fields": {"action_time": "2024-12-04T14:46:59.777Z", "user": 1, "content_type": 15, "object_id": "4", "object_repr": "Putero del Año (PU)", "action_flag": 2, "change_message": "[{\"changed\": {\"fields\": [\"Code\", \"Name\", \"Description\", \"Slug\"]}}]"}}, {"model": "admin.logentry", "pk": 92, "fields": {"action_time": "2024-12-04T14:49:38.323Z", "user": 1, "content_type": 15, "object_id": "5", "object_repr": "Autista del Año (AA)", "action_flag": 1, "change_message": "[{\"added\": {}}]"}}, {"model": "admin.logentry", "pk": 93, "fields": {"action_time": "2024-12-04T14:50:21.011Z", "user": 1, "content_type": 12, "object_id": "11", "object_repr": "Italiano (IT)", "action_flag": 1, "change_message": "[{\"added\": {}}]"}}, {"model": "admin.logentry", "pk": 94, "fields": {"action_time": "2024-12-04T14:53:31.095Z", "user": 1, "content_type": 13, "object_id": "5", "object_repr": "Jotas Pochas, 44", "action_flag": 2, "change_message": "[{\"changed\": {\"fields\": [\"Age\", \"Gender\", \"Nationality\", \"Slug\", \"Description\", \"Education\", \"Experience\", \"Skills\", \"Languages\", \"Linkedin profile\"]}}]"}}, {"model": "admin.logentry", "pk": 95, "fields": {"action_time": "2024-12-04T14:54:27.441Z", "user": 1, "content_type": 13, "object_id": "5", "object_repr": "Jotas Pochas, 44", "action_flag": 2, "change_message": "[{\"changed\": {\"fields\": [\"Education\", \"Skills\", \"Languages\"]}}]"}}, {"model": "admin.logentry", "pk": 96, "fields": {"action_time": "2024-12-04T14:56:18.088Z", "user": 1, "content_type": 13, "object_id": "5", "object_repr": "Jotas Pochas, 44", "action_flag": 2, "change_message": "[{\"changed\": {\"name\": \"candidate image\", \"object\": \"Image for Jotas Pochas\", \"fields\": [\"Image\"]}}]"}}, {"model": "admin.logentry", "pk": 97, "fields": {"action_time": "2024-12-04T15:10:30.738Z", "user": 1, "content_type": 13, "object_id": "5", "object_repr": "Jotas Pochas, 44", "action_flag": 2, "change_message": "[{\"added\": {\"name\": \"candidate image\", \"object\": \"Image for Jotas Pochas\"}}, {\"added\": {\"name\": \"candidate image\", \"object\": \"Image for Jotas Pochas\"}}, {\"added\": {\"name\": \"candidate image\", \"object\": \"Image for Jotas Pochas\"}}, {\"added\": {\"name\": \"candidate image\", \"object\": \"Image for Jotas Pochas\"}}, {\"added\": {\"name\": \"candidate image\", \"object\": \"Image for Jotas Pochas\"}}, {\"added\": {\"name\": \"candidate image\", \"object\": \"Image for Jotas Pochas\"}}, {\"added\": {\"name\": \"candidate image\", \"object\": \"Image for Jotas Pochas\"}}]"}}, {"model": "admin.logentry", "pk": 98, "fields": {"action_time": "2024-12-04T15:11:17.621Z", "user": 1, "content_type": 13, "object_id": "5", "object_repr": "Jotas Pochas, 44", "action_flag": 2, "change_message": "[{\"deleted\": {\"name\": \"candidate image\", \"object\": \"Image for Jotas Pochas\"}}]"}}, {"model": "admin.logentry", "pk": 99, "fields": {"action_time": "2024-12-04T15:13:20.826Z", "user": 1, "content_type": 13, "object_id": "5", "object_repr": "Jotas Pochas, 44", "action_flag": 2, "change_message": "[{\"deleted\": {\"name\": \"candidate image\", \"object\": \"Image for Jotas Pochas\"}}]"}}, {"model": "admin.logentry", "pk": 100, "fields": {"action_time": "2024-12-04T15:15:08.730Z", "user": 1, "content_type": 13, "object_id": "5", "object_repr": "Jotas Pochas, 44", "action_flag": 2, "change_message": "[{\"changed\": {\"name\": \"candidate image\", \"object\": \"Image for Jotas Pochas\", \"fields\": [\"Image\"]}}, {\"changed\": {\"name\": \"candidate image\", \"object\": \"Image for Jotas Pochas\", \"fields\": [\"Image\"]}}, {\"changed\": {\"name\": \"candidate image\", \"object\": \"Image for Jotas Pochas\", \"fields\": [\"Image\"]}}, {\"changed\": {\"name\": \"candidate image\", \"object\": \"Image for Jotas Pochas\", \"fields\": [\"Image\"]}}, {\"changed\": {\"name\": \"candidate image\", \"object\": \"Image for Jotas Pochas\", \"fields\": [\"Image\"]}}]"}}, {"model": "admin.logentry", "pk": 101, "fields": {"action_time": "2024-12-04T15:20:26.435Z", "user": 1, "content_type": 13, "object_id": "4", "object_repr": "Andrés Romero, 25", "action_flag": 2, "change_message": "[{\"changed\": {\"name\": \"candidate image\", \"object\": \"Image for Andr\\u00e9s Romero\", \"fields\": [\"Image\"]}}]"}}, {"model": "admin.logentry", "pk": 102, "fields": {"action_time": "2024-12-04T15:20:50.148Z", "user": 1, "content_type": 13, "object_id": "3", "object_repr": "Javier Metrochenta, 16", "action_flag": 2, "change_message": "[{\"changed\": {\"fields\": [\"Age\"]}}, {\"changed\": {\"name\": \"candidate image\", \"object\": \"Image for Javier Metrochenta\", \"fields\": [\"Image\"]}}]"}}, {"model": "admin.logentry", "pk": 103, "fields": {"action_time": "2024-12-04T15:21:07.533Z", "user": 1, "content_type": 13, "object_id": "2", "object_repr": "Rauw Alejandro, 23", "action_flag": 2, "change_message": "[{\"changed\": {\"name\": \"candidate image\", \"object\": \"Image for Rauw Alejandro\", \"fields\": [\"Image\"]}}]"}}, {"model": "admin.logentry", "pk": 104, "fields": {"action_time": "2024-12-04T15:26:06.476Z", "user": 1, "content_type": 13, "object_id": "1", "object_repr": "Moro Moreno, 22", "action_flag": 2, "change_message": "[{\"changed\": {\"fields\": [\"Slug\", \"Description\", \"Education\", \"Experience\", \"Skills\", \"Languages\", \"Linkedin profile\"]}}, {\"changed\": {\"name\": \"candidate image\", \"object\": \"Image for Moro Moreno\", \"fields\": [\"Image\"]}}]"}}, {"model": "admin.logentry", "pk": 105, "fields": {"action_time": "2024-12-04T15:26:49.848Z", "user": 1, "content_type": 11, "object_id": "8", "object_repr": "Género Fluido (no sabe) (GF)", "action_flag": 1, "change_message": "[{\"added\": {}}]"}}, {"model": "admin.logentry", "pk": 106, "fields": {"action_time": "2024-12-04T15:27:09.732Z", "user": 1, "content_type": 13, "object_id": "1", "object_repr": "Moro Moreno, 20", "action_flag": 2, "change_message": "[{\"changed\": {\"fields\": [\"Age\", \"Gender\", \"Nationality\"]}}]"}}, {"model": "admin.logentry", "pk": 107, "fields": {"action_time": "2024-12-04T15:40:07.935Z", "user": 1, "content_type": 13, "object_id": "4", "object_repr": "Andrés Romero, 28", "action_flag": 2, "change_message": "[{\"changed\": {\"fields\": [\"Age\", \"Gender\", \"Nationality\", \"Slug\", \"Description\", \"Education\", \"Experience\", \"Skills\", \"Languages\", \"Linkedin profile\"]}}]"}}, {"model": "admin.logentry", "pk": 108, "fields": {"action_time": "2024-12-04T15:52:45.722Z", "user": 1, "content_type": 13, "object_id": "3", "object_repr": "Javier Metrochenta, 16", "action_flag": 2, "change_message": "[{\"changed\": {\"fields\": [\"Gender\", \"Nationality\", \"Slug\", \"Description\", \"Education\", \"Experience\", \"Skills\", \"Languages\", \"Linkedin profile\"]}}]"}}, {"model": "admin.logentry", "pk": 109, "fields": {"action_time": "2024-12-04T16:06:59.654Z", "user": 1, "content_type": 13, "object_id": "2", "object_repr": "Rauw Alejandro, 33", "action_flag": 2, "change_message": "[{\"changed\": {\"fields\": [\"Age\", \"Gender\", \"Nationality\", \"Slug\", \"Description\", \"Education\", \"Experience\", \"Skills\", \"Languages\", \"Linkedin profile\"]}}]"}}, {"model": "admin.logentry", "pk": 110, "fields": {"action_time": "2024-12-04T16:20:54.877Z", "user": 1, "content_type": 13, "object_id": "6", "object_repr": "Rubén Galeardo, 17", "action_flag": 1, "change_message": "[{\"added\": {}}, {\"added\": {\"name\": \"candidate image\", \"object\": \"Image for Rub\\u00e9n Galeardo\"}}, {\"added\": {\"name\": \"candidate image\", \"object\": \"Image for Rub\\u00e9n Galeardo\"}}, {\"added\": {\"name\": \"candidate image\", \"object\": \"Image for Rub\\u00e9n Galeardo\"}}, {\"added\": {\"name\": \"candidate image\", \"object\": \"Image for Rub\\u00e9n Galeardo\"}}, {\"added\": {\"name\": \"candidate image\", \"object\": \"Image for Rub\\u00e9n Galeardo\"}}, {\"added\": {\"name\": \"candidate image\", \"object\": \"Image for Rub\\u00e9n Galeardo\"}}, {\"added\": {\"name\": \"candidate image\", \"object\": \"Image for Rub\\u00e9n Galeardo\"}}]"}}, {"model": "admin.logentry", "pk": 111, "fields": {"action_time": "2024-12-04T16:23:12.860Z", "user": 1, "content_type": 13, "object_id": "7", "object_repr": "Samuel el Alfa, 23", "action_flag": 1, "change_message": "[{\"added\": {}}]"}}, {"model": "admin.logentry", "pk": 112, "fields": {"action_time": "2024-12-04T16:25:25.443Z", "user": 1, "content_type": 15, "object_id": "6", "object_repr": "Galeanada del Año (GA)", "action_flag": 1, "change_message": "[{\"added\": {}}]"}}, {"model": "admin.logentry", "pk": 113, "fields": {"action_time": "2024-12-04T16:28:14.806Z", "user": 1, "content_type": 15, "object_id": "7", "object_repr": "Drama Queen del Año (DQ)", "action_flag": 1, "change_message": "[{\"added\": {}}]"}}, {"model": "admin.logentry", "pk": 114, "fields": {"action_time": "2024-12-04T16:29:01.766Z", "user": 1, "content_type": 15, "object_id": "8", "object_repr": "Sticker Master del Año (SM)", "action_flag": 1, "change_message": "[{\"added\": {}}]"}}, {"model": "admin.logentry", "pk": 115, "fields": {"action_time": "2024-12-04T16:31:51.863Z", "user": 1, "content_type": 15, "object_id": "9", "object_repr": "Barrabasada del Año (BA)", "action_flag": 1, "change_message": "[{\"added\": {}}]"}}, {"model": "admin.logentry", "pk": 116, "fields": {"action_time": "2024-12-04T16:32:23.868Z", "user": 1, "content_type": 13, "object_id": "5", "object_repr": "Jotas Pochas, 44", "action_flag": 2, "change_message": "[{\"changed\": {\"fields\": [\"Description\"]}}]"}}, {"model": "admin.logentry", "pk": 117, "fields": {"action_time": "2024-12-04T16:33:27.528Z", "user": 1, "content_type": 15, "object_id": "7", "object_repr": "Drama Queen del Año (DQ)", "action_flag": 3, "change_message": ""}}, {"model": "admin.logentry", "pk": 118, "fields": {"action_time": "2024-12-04T16:34:47.862Z", "user": 1, "content_type": 13, "object_id": "7", "object_repr": "Samuelel Alfa (Nerfed version), 23", "action_flag": 2, "change_message": "[{\"changed\": {\"fields\": [\"Name\", \"Surname\"]}}]"}}, {"model": "admin.logentry", "pk": 119, "fields": {"action_time": "2024-12-04T16:35:29.958Z", "user": 1, "content_type": 13, "object_id": "7", "object_repr": "Samuel el Alfa (Nerfed version), 23", "action_flag": 2, "change_message": "[{\"changed\": {\"fields\": [\"Name\"]}}]"}}, {"model": "admin.logentry", "pk": 120, "fields": {"action_time": "2024-12-04T16:42:37.066Z", "user": 1, "content_type": 15, "object_id": "10", "object_repr": "Otaku del Año (OK)", "action_flag": 1, "change_message": "[{\"added\": {}}]"}}, {"model": "admin.logentry", "pk": 121, "fields": {"action_time": "2024-12-04T16:44:29.148Z", "user": 1, "content_type": 15, "object_id": "11", "object_repr": "Conductor del Año (CO)", "action_flag": 1, "change_message": "[{\"added\": {}}]"}}, {"model": "admin.logentry", "pk": 122, "fields": {"action_time": "2024-12-04T16:44:59.530Z", "user": 1, "content_type": 10, "object_id": "1", "object_repr": "SiteParameters object (1)", "action_flag": 2, "change_message": "[{\"changed\": {\"fields\": [\"Winners reveal date\"]}}]"}}, {"model": "admin.logentry", "pk": 123, "fields": {"action_time": "2024-12-04T16:47:57.846Z", "user": 1, "content_type": 10, "object_id": "1", "object_repr": "SiteParameters object (1)", "action_flag": 1, "change_message": "[{\"added\": {}}]"}}, {"model": "admin.logentry", "pk": 124, "fields": {"action_time": "2024-12-04T16:52:37.574Z", "user": 1, "content_type": 15, "object_id": "12", "object_repr": "Cinéfilo del Año (CI)", "action_flag": 1, "change_message": "[{\"added\": {}}]"}}, {"model": "admin.logentry", "pk": 125, "fields": {"action_time": "2024-12-04T16:53:46.387Z", "user": 1, "content_type": 15, "object_id": "13", "object_repr": "Fumón del Año (FU)", "action_flag": 1, "change_message": "[{\"added\": {}}]"}}, {"model": "admin.logentry", "pk": 126, "fields": {"action_time": "2024-12-04T16:54:55.981Z", "user": 1, "content_type": 15, "object_id": "14", "object_repr": "Íbero Macho del Año (IM)", "action_flag": 1, "change_message": "[{\"added\": {}}]"}}, {"model": "admin.logentry", "pk": 127, "fields": {"action_time": "2024-12-04T16:56:02.521Z", "user": 1, "content_type": 15, "object_id": "15", "object_repr": "Alcohólico del Año (AL)", "action_flag": 1, "change_message": "[{\"added\": {}}]"}}, {"model": "admin.logentry", "pk": 128, "fields": {"action_time": "2024-12-04T16:57:23.345Z", "user": 1, "content_type": 15, "object_id": "16", "object_repr": "Calvo del Año (CA)", "action_flag": 1, "change_message": "[{\"added\": {}}]"}}, {"model": "admin.logentry", "pk": 129, "fields": {"action_time": "2024-12-04T16:58:32.903Z", "user": 1, "content_type": 11, "object_id": "9", "object_repr": "Bisexual (le da a todo) (BS)", "action_flag": 1, "change_message": "[{\"added\": {}}]"}}, {"model": "admin.logentry", "pk": 130, "fields": {"action_time": "2024-12-04T17:06:02.504Z", "user": 1, "content_type": 10, "object_id": "1", "object_repr": "SiteParameters object (1)", "action_flag": 2, "change_message": "[{\"changed\": {\"fields\": [\"Winners reveal date\"]}}]"}}, {"model": "admin.logentry", "pk": 131, "fields": {"action_time": "2024-12-04T17:10:27.218Z", "user": 1, "content_type": 10, "object_id": "1", "object_repr": "SiteParameters object (1)", "action_flag": 2, "change_message": "[{\"changed\": {\"fields\": [\"Winners reveal date\"]}}]"}}, {"model": "admin.logentry", "pk": 132, "fields": {"action_time": "2024-12-04T17:34:24.060Z", "user": 1, "content_type": 13, "object_id": "1", "object_repr": "Moro Moreno, 20", "action_flag": 2, "change_message": "[{\"added\": {\"name\": \"candidate image\", \"object\": \"Image for Moro Moreno\"}}, {\"added\": {\"name\": \"candidate image\", \"object\": \"Image for Moro Moreno\"}}, {\"added\": {\"name\": \"candidate image\", \"object\": \"Image for Moro Moreno\"}}, {\"added\": {\"name\": \"candidate image\", \"object\": \"Image for Moro Moreno\"}}, {\"added\": {\"name\": \"candidate image\", \"object\": \"Image for Moro Moreno\"}}, {\"added\": {\"name\": \"candidate image\", \"object\": \"Image for Moro Moreno\"}}]"}}, {"model": "admin.logentry", "pk": 133, "fields": {"action_time": "2024-12-04T17:49:00.641Z", "user": 1, "content_type": 13, "object_id": "3", "object_repr": "Javier Metrochenta, 16", "action_flag": 2, "change_message": "[{\"added\": {\"name\": \"candidate image\", \"object\": \"Image for Javier Metrochenta\"}}, {\"added\": {\"name\": \"candidate image\", \"object\": \"Image for Javier Metrochenta\"}}, {\"added\": {\"name\": \"candidate image\", \"object\": \"Image for Javier Metrochenta\"}}, {\"added\": {\"name\": \"candidate image\", \"object\": \"Image for Javier Metrochenta\"}}, {\"added\": {\"name\": \"candidate image\", \"object\": \"Image for Javier Metrochenta\"}}, {\"added\": {\"name\": \"candidate image\", \"object\": \"Image for Javier Metrochenta\"}}]"}}, {"model": "admin.logentry", "pk": 134, "fields": {"action_time": "2024-12-04T18:17:19.634Z", "user": 1, "content_type": 10, "object_id": "1", "object_repr": "SiteParameters object (1)", "action_flag": 2, "change_message": "[{\"changed\": {\"fields\": [\"Winners reveal date\"]}}]"}}, {"model": "admin.logentry", "pk": 135, "fields": {"action_time": "2024-12-04T18:26:26.968Z", "user": 1, "content_type": 13, "object_id": "4", "object_repr": "Andrés Romero, 28", "action_flag": 2, "change_message": "[{\"changed\": {\"fields\": [\"Languages\"]}}]"}}, {"model": "admin.logentry", "pk": 136, "fields": {"action_time": "2024-12-04T18:27:49.507Z", "user": 1, "content_type": 13, "object_id": "6", "object_repr": "Rubén Galeardo, 17", "action_flag": 2, "change_message": "[{\"changed\": {\"fields\": [\"Education\", \"Experience\", \"Skills\", \"Languages\"]}}]"}}, {"model": "admin.logentry", "pk": 137, "fields": {"action_time": "2024-12-04T18:28:09.925Z", "user": 1, "content_type": 13, "object_id": "5", "object_repr": "Jotas Pochas, 44", "action_flag": 2, "change_message": "[{\"changed\": {\"fields\": [\"Education\", \"Experience\", \"Skills\", \"Languages\"]}}]"}}, {"model": "admin.logentry", "pk": 138, "fields": {"action_time": "2024-12-04T18:28:37.005Z", "user": 1, "content_type": 13, "object_id": "4", "object_repr": "Andrés Romero, 28", "action_flag": 2, "change_message": "[{\"changed\": {\"fields\": [\"Education\", \"Experience\"]}}]"}}, {"model": "admin.logentry", "pk": 139, "fields": {"action_time": "2024-12-04T18:29:02.386Z", "user": 1, "content_type": 13, "object_id": "3", "object_repr": "Javier Metrochenta, 16", "action_flag": 2, "change_message": "[{\"changed\": {\"fields\": [\"Education\", \"Experience\", \"Skills\", \"Languages\"]}}]"}}, {"model": "admin.logentry", "pk": 140, "fields": {"action_time": "2024-12-04T18:29:34.697Z", "user": 1, "content_type": 13, "object_id": "2", "object_repr": "Rauw Alejandro, 33", "action_flag": 2, "change_message": "[{\"changed\": {\"fields\": [\"Education\", \"Experience\", \"Skills\", \"Languages\"]}}]"}}, {"model": "admin.logentry", "pk": 141, "fields": {"action_time": "2024-12-04T18:29:50.918Z", "user": 1, "content_type": 13, "object_id": "2", "object_repr": "Rauw Alejandro, 33", "action_flag": 2, "change_message": "[{\"changed\": {\"fields\": [\"Description\"]}}]"}}, {"model": "admin.logentry", "pk": 142, "fields": {"action_time": "2024-12-04T18:30:11.882Z", "user": 1, "content_type": 13, "object_id": "1", "object_repr": "Moro Moreno, 20", "action_flag": 2, "change_message": "[{\"changed\": {\"fields\": [\"Education\", \"Experience\", \"Skills\", \"Languages\"]}}]"}}, {"model": "admin.logentry", "pk": 143, "fields": {"action_time": "2024-12-04T18:37:24.918Z", "user": 1, "content_type": 15, "object_id": "16", "object_repr": "Calvo del Año (CA)", "action_flag": 2, "change_message": "[{\"changed\": {\"fields\": [\"Description\"]}}]"}}, {"model": "admin.logentry", "pk": 144, "fields": {"action_time": "2024-12-04T18:37:45.169Z", "user": 1, "content_type": 15, "object_id": "15", "object_repr": "Alcohólico del Año (AL)", "action_flag": 2, "change_message": "[{\"changed\": {\"fields\": [\"Description\"]}}]"}}, {"model": "admin.logentry", "pk": 145, "fields": {"action_time": "2024-12-04T18:38:00.639Z", "user": 1, "content_type": 15, "object_id": "14", "object_repr": "Íbero Macho del Año (IM)", "action_flag": 2, "change_message": "[]"}}, {"model": "admin.logentry", "pk": 146, "fields": {"action_time": "2024-12-04T18:48:15.081Z", "user": 1, "content_type": 15, "object_id": "17", "object_repr": "Alfa del Año (AF)", "action_flag": 1, "change_message": "[{\"added\": {}}]"}}, {"model": "admin.logentry", "pk": 147, "fields": {"action_time": "2024-12-04T19:34:03.335Z", "user": 1, "content_type": 13, "object_id": "3", "object_repr": "Javier Metrochenta, 16", "action_flag": 2, "change_message": "[{\"added\": {\"name\": \"candidate image\", \"object\": \"Image for Javier Metrochenta\"}}]"}}, {"model": "admin.logentry", "pk": 148, "fields": {"action_time": "2024-12-05T06:28:51.871Z", "user": 1, "content_type": 10, "object_id": "1", "object_repr": "SiteParameters object (1)", "action_flag": 2, "change_message": "[{\"changed\": {\"fields\": [\"Winners reveal date\"]}}]"}}, {"model": "admin.logentry", "pk": 149, "fields": {"action_time": "2024-12-05T08:29:42.180Z", "user": 1, "content_type": 10, "object_id": "1", "object_repr": "SiteParameters object (1)", "action_flag": 2, "change_message": "[{\"changed\": {\"fields\": [\"Winners reveal date\"]}}]"}}, {"model": "auth.permission", "pk": 1, "fields": {"name": "Can add bookmark", "content_type": 1, "codename": "add_bookmark"}}, {"model": "auth.permission", "pk": 2, "fields": {"name": "Can change bookmark", "content_type": 1, "codename": "change_bookmark"}}, {"model": "auth.permission", "pk": 3, "fields": {"name": "Can delete bookmark", "content_type": 1, "codename": "delete_bookmark"}}, {"model": "auth.permission", "pk": 4, "fields": {"name": "Can view bookmark", "content_type": 1, "codename": "view_bookmark"}}, {"model": "auth.permission", "pk": 5, "fields": {"name": "Can add pinned application", "content_type": 2, "codename": "add_pinnedapplication"}}, {"model": "auth.permission", "pk": 6, "fields": {"name": "Can change pinned application", "content_type": 2, "codename": "change_pinnedapplication"}}, {"model": "auth.permission", "pk": 7, "fields": {"name": "Can delete pinned application", "content_type": 2, "codename": "delete_pinnedapplication"}}, {"model": "auth.permission", "pk": 8, "fields": {"name": "Can view pinned application", "content_type": 2, "codename": "view_pinnedapplication"}}, {"model": "auth.permission", "pk": 9, "fields": {"name": "Can add user dashboard module", "content_type": 3, "codename": "add_userdashboardmodule"}}, {"model": "auth.permission", "pk": 10, "fields": {"name": "Can change user dashboard module", "content_type": 3, "codename": "change_userdashboardmodule"}}, {"model": "auth.permission", "pk": 11, "fields": {"name": "Can delete user dashboard module", "content_type": 3, "codename": "delete_userdashboardmodule"}}, {"model": "auth.permission", "pk": 12, "fields": {"name": "Can view user dashboard module", "content_type": 3, "codename": "view_userdashboardmodule"}}, {"model": "auth.permission", "pk": 13, "fields": {"name": "Can add log entry", "content_type": 4, "codename": "add_logentry"}}, {"model": "auth.permission", "pk": 14, "fields": {"name": "Can change log entry", "content_type": 4, "codename": "change_logentry"}}, {"model": "auth.permission", "pk": 15, "fields": {"name": "Can delete log entry", "content_type": 4, "codename": "delete_logentry"}}, {"model": "auth.permission", "pk": 16, "fields": {"name": "Can view log entry", "content_type": 4, "codename": "view_logentry"}}, {"model": "auth.permission", "pk": 17, "fields": {"name": "Can add permission", "content_type": 5, "codename": "add_permission"}}, {"model": "auth.permission", "pk": 18, "fields": {"name": "Can change permission", "content_type": 5, "codename": "change_permission"}}, {"model": "auth.permission", "pk": 19, "fields": {"name": "Can delete permission", "content_type": 5, "codename": "delete_permission"}}, {"model": "auth.permission", "pk": 20, "fields": {"name": "Can view permission", "content_type": 5, "codename": "view_permission"}}, {"model": "auth.permission", "pk": 21, "fields": {"name": "Can add group", "content_type": 6, "codename": "add_group"}}, {"model": "auth.permission", "pk": 22, "fields": {"name": "Can change group", "content_type": 6, "codename": "change_group"}}, {"model": "auth.permission", "pk": 23, "fields": {"name": "Can delete group", "content_type": 6, "codename": "delete_group"}}, {"model": "auth.permission", "pk": 24, "fields": {"name": "Can view group", "content_type": 6, "codename": "view_group"}}, {"model": "auth.permission", "pk": 25, "fields": {"name": "Can add user", "content_type": 7, "codename": "add_user"}}, {"model": "auth.permission", "pk": 26, "fields": {"name": "Can change user", "content_type": 7, "codename": "change_user"}}, {"model": "auth.permission", "pk": 27, "fields": {"name": "Can delete user", "content_type": 7, "codename": "delete_user"}}, {"model": "auth.permission", "pk": 28, "fields": {"name": "Can view user", "content_type": 7, "codename": "view_user"}}, {"model": "auth.permission", "pk": 29, "fields": {"name": "Can add content type", "content_type": 8, "codename": "add_contenttype"}}, {"model": "auth.permission", "pk": 30, "fields": {"name": "Can change content type", "content_type": 8, "codename": "change_contenttype"}}, {"model": "auth.permission", "pk": 31, "fields": {"name": "Can delete content type", "content_type": 8, "codename": "delete_contenttype"}}, {"model": "auth.permission", "pk": 32, "fields": {"name": "Can view content type", "content_type": 8, "codename": "view_contenttype"}}, {"model": "auth.permission", "pk": 33, "fields": {"name": "Can add session", "content_type": 9, "codename": "add_session"}}, {"model": "auth.permission", "pk": 34, "fields": {"name": "Can change session", "content_type": 9, "codename": "change_session"}}, {"model": "auth.permission", "pk": 35, "fields": {"name": "Can delete session", "content_type": 9, "codename": "delete_session"}}, {"model": "auth.permission", "pk": 36, "fields": {"name": "Can view session", "content_type": 9, "codename": "view_session"}}, {"model": "auth.permission", "pk": 37, "fields": {"name": "Can add site parameters", "content_type": 10, "codename": "add_siteparameters"}}, {"model": "auth.permission", "pk": 38, "fields": {"name": "Can change site parameters", "content_type": 10, "codename": "change_siteparameters"}}, {"model": "auth.permission", "pk": 39, "fields": {"name": "Can delete site parameters", "content_type": 10, "codename": "delete_siteparameters"}}, {"model": "auth.permission", "pk": 40, "fields": {"name": "Can view site parameters", "content_type": 10, "codename": "view_siteparameters"}}, {"model": "auth.permission", "pk": 41, "fields": {"name": "Can add gender", "content_type": 11, "codename": "add_gender"}}, {"model": "auth.permission", "pk": 42, "fields": {"name": "Can change gender", "content_type": 11, "codename": "change_gender"}}, {"model": "auth.permission", "pk": 43, "fields": {"name": "Can delete gender", "content_type": 11, "codename": "delete_gender"}}, {"model": "auth.permission", "pk": 44, "fields": {"name": "Can view gender", "content_type": 11, "codename": "view_gender"}}, {"model": "auth.permission", "pk": 45, "fields": {"name": "Can add nationality", "content_type": 12, "codename": "add_nationality"}}, {"model": "auth.permission", "pk": 46, "fields": {"name": "Can change nationality", "content_type": 12, "codename": "change_nationality"}}, {"model": "auth.permission", "pk": 47, "fields": {"name": "Can delete nationality", "content_type": 12, "codename": "delete_nationality"}}, {"model": "auth.permission", "pk": 48, "fields": {"name": "Can view nationality", "content_type": 12, "codename": "view_nationality"}}, {"model": "auth.permission", "pk": 49, "fields": {"name": "Can add candidate", "content_type": 13, "codename": "add_candidate"}}, {"model": "auth.permission", "pk": 50, "fields": {"name": "Can change candidate", "content_type": 13, "codename": "change_candidate"}}, {"model": "auth.permission", "pk": 51, "fields": {"name": "Can delete candidate", "content_type": 13, "codename": "delete_candidate"}}, {"model": "auth.permission", "pk": 52, "fields": {"name": "Can view candidate", "content_type": 13, "codename": "view_candidate"}}, {"model": "auth.permission", "pk": 53, "fields": {"name": "Can add candidate image", "content_type": 14, "codename": "add_candidateimage"}}, {"model": "auth.permission", "pk": 54, "fields": {"name": "Can change candidate image", "content_type": 14, "codename": "change_candidateimage"}}, {"model": "auth.permission", "pk": 55, "fields": {"name": "Can delete candidate image", "content_type": 14, "codename": "delete_candidateimage"}}, {"model": "auth.permission", "pk": 56, "fields": {"name": "Can view candidate image", "content_type": 14, "codename": "view_candidateimage"}}, {"model": "auth.permission", "pk": 57, "fields": {"name": "Can add category", "content_type": 15, "codename": "add_category"}}, {"model": "auth.permission", "pk": 58, "fields": {"name": "Can change category", "content_type": 15, "codename": "change_category"}}, {"model": "auth.permission", "pk": 59, "fields": {"name": "Can delete category", "content_type": 15, "codename": "delete_category"}}, {"model": "auth.permission", "pk": 60, "fields": {"name": "Can view category", "content_type": 15, "codename": "view_category"}}, {"model": "auth.permission", "pk": 61, "fields": {"name": "Can add vote", "content_type": 16, "codename": "add_vote"}}, {"model": "auth.permission", "pk": 62, "fields": {"name": "Can change vote", "content_type": 16, "codename": "change_vote"}}, {"model": "auth.permission", "pk": 63, "fields": {"name": "Can delete vote", "content_type": 16, "codename": "delete_vote"}}, {"model": "auth.permission", "pk": 64, "fields": {"name": "Can view vote", "content_type": 16, "codename": "view_vote"}}, {"model": "auth.user", "pk": 1, "fields": {"password": "pbkdf2_sha256$720000$6fPovgxsbfyy8v2Kr7Z0f4$P5Ov265Vmex0qkpK69Lr5HRlgxB6WFomh0cd4RMBUng=", "last_login": "2024-12-04T16:50:32.431Z", "is_superuser": true, "username": "admin", "first_name": "", "last_name": "", "email": "", "is_staff": true, "is_active": true, "date_joined": "2024-11-25T16:26:39.937Z", "groups": [], "user_permissions": []}}, {"model": "contenttypes.contenttype", "pk": 1, "fields": {"app_label": "jet", "model": "bookmark"}}, {"model": "contenttypes.contenttype", "pk": 2, "fields": {"app_label": "jet", "model": "pinnedapplication"}}, {"model": "contenttypes.contenttype", "pk": 3, "fields": {"app_label": "dashboard", "model": "userdashboardmodule"}}, {"model": "contenttypes.contenttype", "pk": 4, "fields": {"app_label": "admin", "model": "logentry"}}, {"model": "contenttypes.contenttype", "pk": 5, "fields": {"app_label": "auth", "model": "permission"}}, {"model": "contenttypes.contenttype", "pk": 6, "fields": {"app_label": "auth", "model": "group"}}, {"model": "contenttypes.contenttype", "pk": 7, "fields": {"app_label": "auth", "model": "user"}}, {"model": "contenttypes.contenttype", "pk": 8, "fields": {"app_label": "contenttypes", "model": "contenttype"}}, {"model": "contenttypes.contenttype", "pk": 9, "fields": {"app_label": "sessions", "model": "session"}}, {"model": "contenttypes.contenttype", "pk": 10, "fields": {"app_label": "common", "model": "siteparameters"}}, {"model": "contenttypes.contenttype", "pk": 11, "fields": {"app_label": "candidates", "model": "gender"}}, {"model": "contenttypes.contenttype", "pk": 12, "fields": {"app_label": "candidates", "model": "nationality"}}, {"model": "contenttypes.contenttype", "pk": 13, "fields": {"app_label": "candidates", "model": "candidate"}}, {"model": "contenttypes.contenttype", "pk": 14, "fields": {"app_label": "candidates", "model": "candidateimage"}}, {"model": "contenttypes.contenttype", "pk": 15, "fields": {"app_label": "voting", "model": "category"}}, {"model": "contenttypes.contenttype", "pk": 16, "fields": {"app_label": "voting", "model": "vote"}}, {"model": "sessions.session", "pk": "0e609psqxrxgjgfuhubieonan26czyhu", "fields": {"session_data": ".eJxVjDsOwjAQBe_iGlm2s_5R0nMGa73e4ABypDipEHeHSCmgfTPzXiLhtta0dV7SVMRZaHH63TLSg9sOyh3bbZY0t3WZstwVedAur3Ph5-Vw_w4q9vqtjfI2x2jAZfIUkYGAjQMdfAwAYGBAQIqD1cFoUj6M2Y7kCKJizyDeH7n2NvQ:1tGNb3:BVdJIHcGkbKS_Bmi7qjRMAABRql9t2zy39Pr1KOIdK0", "expire_date": "2024-12-11T19:21:09.572Z"}}, {"model": "sessions.session", "pk": "gaqhp5q09mm5da41go83nynv0a8bommg", "fields": {"session_data": ".eJxVjEEOwiAQRe_C2hCHAqUu3fcMzQzDSNVAUtqV8e7apAvd_vfef6kJtzVPW0vLNLO6KFCn340wPlLZAd-x3KqOtazLTHpX9EGbHiun5_Vw_w4ytvytOzPYASWeGYFCBwwiRpyLzluLFJLnFLxH3yeHxITOSE_igcgARFHvD_paOOg:1tGJlr:LRFKUSEgPUv4MiGk0G1ZmSVAthKF1rhM-5WJeBYO0a8", "expire_date": "2024-12-11T15:16:03.038Z"}}, {"model": "sessions.session", "pk": "jlllwc3jplbwqsrfxg40g1rjz7xlm6s0", "fields": {"session_data": ".eJxVjEEOwiAQRe_C2hCHAqUu3fcMzQzDSNVAUtqV8e7apAvd_vfef6kJtzVPW0vLNLO6KFCn340wPlLZAd-x3KqOtazLTHpX9EGbHiun5_Vw_w4ytvytOzPYASWeGYFCBwwiRpyLzluLFJLnFLxH3yeHxITOSE_igcgARFHvD_paOOg:1tIsa8:mRzQQg9heHHRaMEJXh-uQu-ckOIBlSnAQ2TucDNQOTk", "expire_date": "2024-12-18T16:50:32.532Z"}}, {"model": "sessions.session", "pk": "jynyjr9t2fctoj7zb0si97y1mka8dp31", "fields": {"session_data": ".eJxVjDsOwjAQBe_iGlm2s_5R0nMGa73e4ABypDipEHeHSCmgfTPzXiLhtta0dV7SVMRZaHH63TLSg9sOyh3bbZY0t3WZstwVedAur3Ph5-Vw_w4q9vqtjfI2x2jAZfIUkYGAjQMdfAwAYGBAQIqD1cFoUj6M2Y7kCKJizyDeH7n2NvQ:1tGNOL:MywmxssFwm3qRC4sfnnl-bTejjmIMI0SbmXeEwzdJsk", "expire_date": "2024-12-11T19:08:01.873Z"}}, {"model": "sessions.session", "pk": "l0dpiw3lf7g9eotl7qdbtsws9nspzkwk", "fields": {"session_data": ".eJxVjEEOwiAQRe_C2hCHAqUu3fcMzQzDSNVAUtqV8e7apAvd_vfef6kJtzVPW0vLNLO6KFCn340wPlLZAd-x3KqOtazLTHpX9EGbHiun5_Vw_w4ytvytOzPYASWeGYFCBwwiRpyLzluLFJLnFLxH3yeHxITOSE_igcgARFHvD_paOOg:1tH24k:RBaPiYy1c81KYx5voCHh9hww1YVsfKyIyLWRCTbsSvw", "expire_date": "2024-12-13T14:34:30.086Z"}}, {"model": "sessions.session", "pk": "tfu1relh1cwwug95z4a85l9pahwvgavh", "fields": {"session_data": ".eJxVjEEOwiAQRe_C2hCHAqUu3fcMzQzDSNVAUtqV8e7apAvd_vfef6kJtzVPW0vLNLO6KFCn340wPlLZAd-x3KqOtazLTHpX9EGbHiun5_Vw_w4ytvytOzPYASWeGYFCBwwiRpyLzluLFJLnFLxH3yeHxITOSE_igcgARFHvD_paOOg:1tFbvH:ug2c_RVXet5LVkYu70DFIDYc6kOn_MNukyPoEsMuKWY", "expire_date": "2024-12-09T16:26:51.285Z"}}, {"model": "sessions.session", "pk": "u7ubecy4ejesvfqud4le14r1gkr2kdbz", "fields": {"session_data": ".eJxVjDsOwjAQBe_iGlm2s_5R0nMGa73e4ABypDipEHeHSCmgfTPzXiLhtta0dV7SVMRZaHH63TLSg9sOyh3bbZY0t3WZstwVedAur3Ph5-Vw_w4q9vqtjfI2x2jAZfIUkYGAjQMdfAwAYGBAQIqD1cFoUj6M2Y7kCKJizyDeH7n2NvQ:1tIp5m:FYnTUYuPFix9DraIxab5CCXZa33yCj0q-xzQV1fkrFU", "expire_date": "2024-12-18T13:06:58.479Z"}}, {"model": "sessions.session", "pk": "x79vhc1xzdjw4on17gsko2z9mh8nxrgj", "fields": {"session_data": ".eJxVjEEOwiAQRe_C2hCHAqUu3fcMzQzDSNVAUtqV8e7apAvd_vfef6kJtzVPW0vLNLO6KFCn340wPlLZAd-x3KqOtazLTHpX9EGbHiun5_Vw_w4ytvytOzPYASWeGYFCBwwiRpyLzluLFJLnFLxH3yeHxITOSE_igcgARFHvD_paOOg:1tIrVq:OU1I28FW4oKpvYzYv1KUeZLugQ3EGXT8WInyWEx-V4E", "expire_date": "2024-12-18T15:42:02.241Z"}}, {"model": "common.siteparameters", "pk": 1, "fields": {"winners_reveal_date": "2024-12-05"}}, {"model": "candidates.nationality", "pk": 1, "fields": {"code": "PK", "name": "Perukistano"}}, {"model": "candidates.nationality", "pk": 2, "fields": {"code": "RO", "name": "Rumano"}}, {"model": "candidates.nationality", "pk": 3, "fields": {"code": "ES", "name": "Íbero"}}, {"model": "candidates.nationality", "pk": 4, "fields": {"code": "UR", "name": "Ukraniano"}}, {"model": "candidates.nationality", "pk": 5, "fields": {"code": "MR", "name": "Marciano"}}, {"model": "candidates.nationality", "pk": 6, "fields": {"code": "FR", "name": "Francés"}}, {"model": "candidates.nationality", "pk": 7, "fields": {"code": "MO", "name": "Moroquí"}}, {"model": "candidates.nationality", "pk": 8, "fields": {"code": "VZ", "name": "Venezolano"}}, {"model": "candidates.nationality", "pk": 9, "fields": {"code": "RU", "name": "Ruso"}}, {"model": "candidates.nationality", "pk": 10, "fields": {"code": "JA", "name": "Jamaicano"}}, {"model": "candidates.nationality", "pk": 11, "fields": {"code": "IT", "name": "Italiano"}}, {"model": "candidates.gender", "pk": 1, "fields": {"code": "PS", "name": "Pansexual"}}, {"model": "candidates.gender", "pk": 2, "fields": {"code": "HB", "name": "Heterobásico"}}, {"model": "candidates.gender", "pk": 3, "fields": {"code": "MS", "name": "Metrosexual"}}, {"model": "candidates.gender", "pk": 4, "fields": {"code": "HS", "name": "Homosapiens"}}, {"model": "candidates.gender", "pk": 5, "fields": {"code": "HG", "name": "Helicóptero apache de guerra"}}, {"model": "candidates.gender", "pk": 6, "fields": {"code": "TE", "name": "Transeconómico"}}, {"model": "candidates.gender", "pk": 7, "fields": {"code": "PZ", "name": "Pizzasexual"}}, {"model": "candidates.gender", "pk": 8, "fields": {"code": "GF", "name": "Género Fluido (no sabe)"}}, {"model": "candidates.gender", "pk": 9, "fields": {"code": "BS", "name": "Bisexual (le da a todo)"}}, {"model": "candidates.candidate", "pk": 1, "fields": {"name": "Moro", "surname": "Moreno", "age": 20, "gender": 8, "description": "More es un chico simple y chill de cojones. Le gusta beber, fumar, los coches y su novia. También juega Minecraft. Por las noches, se convierte en un hippie magrebí según las malas lenguas. Pero quién sabe, solo lo descubriremos cuando se camperice una furgoneta y recorra Europa diciendo \"Paz y amor\".", "education": "CFGS Desarrollo de Aplicaciones Webonas, Máster en Desarrollo Multicloud (TECH RIDER).", "experience": "Camarero en Aranjuez, camarero en Valdemoro y quizá prostituto.", "skills": "Puede comerse un bocadillo de salchichón en 0,47 segundos, puede ganar cualquier debate aunque no tenga idea y es capaz de operar a corazón abierto (mentira, se desmaya).", "languages": "Moro, español, valenciano, castelloniano y alicantino.", "linkedin_profile": "https://www.linkedin.com/in/sergio-moreno-valiente-7a0192225/?trk=people_directory&originalSubdomain=es", "slug": "moro-moreno", "nationality": [3, 5, 10]}}, {"model": "candidates.candidate", "pk": 2, "fields": {"name": "Rauw", "surname": "Alejandro", "age": 33, "gender": 8, "description": "Este pequeño macaquiño escapó de la selva amazónica para buscarse un futuro mejor. Y vaya si lo consiguió. Ahora trabaja en una empresa muy grande (o eso dicen) que se llama DFL o algo así. ¿Te he dicho que se folla a la hija del jefe? Es muy lindo.", "education": "Primaria en Selva Tropical, CFGS Aplicaciones Webonas.", "experience": "Customer Appearence Service Acquisition Manager Developer Services en DFL.", "skills": "Consigue que su empresa le pague todo (¿cómo lo hace?).", "languages": "Selvático, español, inglés materno.", "linkedin_profile": "https://www.linkedin.com/in/cesardrosolano/?originalSubdomain=es", "slug": "rauw-alejandro", "nationality": [1, 5, 8]}}, {"model": "candidates.candidate", "pk": 3, "fields": {"name": "Javier", "surname": "Metrochenta", "age": 16, "gender": 6, "description": "Si vas sin cuidado posiblemente le pises :_(. Según una leyenda urbana por las noches es poseído por su gran miembro viril lo cual le lleva a cometer atrocidades que no se pueden contar en esta web de dominio público. Ha hecho esta web.", "education": "CFGS Desarrollo de Aplicaciones Webonas, Ingeniería del Software (le están follando).", "experience": "Programador (parte 1 Sandav), programador (parte 2 Eunoia), duende de jardín por las noches.", "skills": "Te lo puedes meter en el bolsillo y es resistente al agua.", "languages": "Español, francés, inglés y andaluz.", "linkedin_profile": "https://www.linkedin.com/in/javier-linan-manzanero/?originalSubdomain=es", "slug": "javier-metrochenta", "nationality": [1, 3, 6]}}, {"model": "candidates.candidate", "pk": 4, "fields": {"name": "Andrés", "surname": "Romero", "age": 28, "gender": 4, "description": "Calvo de 28 años y 1,88cm que vive con 200 kilos de lastre. No ha tocado a una mujer ni al nacer. Es adicto al LoL y al tabaco.\r\nSufre más viendo a KOI y a España que Jesús en la crurz. ¿Alguien ha dicho cruz? ¿No querrás decir Cruz Cafuné?\r\nSheldon Cooper se queda corto al lado de sus manías.", "education": "CFGS Desarrollo de Aplicaciones Webonas, Máster en Desarrollo Multicloud (Maestro Masón).", "experience": "Software Developer Infrastructure Maintainer &  Strategist at Sarandonga.", "skills": "Quejarse por todo y llorar. Inmune al fuego.", "languages": "Rumano, ruso, ukraniano, albanés (?) y chapuerra español.", "linkedin_profile": "https://www.linkedin.com/in/andrei-daniel-popa-095b831a9/?originalSubdomain=es", "slug": "andres-romero", "nationality": [2, 3, 4, 9]}}, {"model": "candidates.candidate", "pk": 5, "fields": {"name": "Jotas", "surname": "Pochas", "age": 44, "gender": 5, "description": "Este es Alexby11. Hace gameplays de Minecraft y juega al airsoft. Hace tiempo tuvo una novia tóxica llamada Karel, pero consiguió salir de ahí. Hace airsoft. Tiene una barba de leñador, y probablemente sea un leñador. ¿Te he dicho que hace airsoft?", "education": "CFGS Desarrollo de Aplicaciones Webonas, Máster en Desarrollo Multicloud (TECH RIDER).", "experience": "Mozo de Almacén.", "skills": "Sabe disparar (airsoft), probablemente sepa talar árboles, boxea de lo lindo y la chupa.", "languages": "Español, chapuerra italiano y ukraniano.", "linkedin_profile": "https://www.linkedin.com/in/jaime-laguna-moreno?originalSubdomain=es", "slug": "jotas-pochas", "nationality": [3, 9, 11]}}, {"model": "candidates.candidate", "pk": 6, "fields": {"name": "Rubén", "surname": "Galeardo", "age": 17, "gender": 7, "description": "Rubén es un ciudadano del mundo. Y un jugador de Valoran empedernido (no sé si ha salido ya de Madera III). Galeano tiene un pasado oscuro con las mujeres pero eso no le quita las ganas de hacer chistes malos (por favor para ya).", "education": "CFGS Desarrollo de Aplicaciones Webonas, CFGS Desarrollo de Aplicaciones Mariconas.", "experience": "Técnico en Restauración y Seguridad Alimentaria (Mc Donald's).", "skills": "Toca el clarinete, la flauta y los cojones.", "languages": "Español, esperanto y chapurrea inglés.", "linkedin_profile": "https://www.linkedin.com/in/ruben-galeano-freijo-8b2990278/?originalSubdomain=es", "slug": "ruben-galeardo", "nationality": [3]}}, {"model": "candidates.candidate", "pk": 7, "fields": {"name": "Samuel el Alfa", "surname": "(Nerfed version)", "age": 23, "gender": 2, "description": "", "education": "", "experience": "", "skills": "", "languages": "", "linkedin_profile": null, "slug": "samuel-el-alfa", "nationality": [2, 3, 4, 9]}}, {"model": "candidates.candidateimage", "pk": 5, "fields": {"candidate": 5, "image": "candidate_images/jj.png", "main_image": true}}, {"model": "candidates.candidateimage", "pk": 6, "fields": {"candidate": 1, "image": "candidate_images/more.png", "main_image": true}}, {"model": "candidates.candidateimage", "pk": 7, "fields": {"candidate": 2, "image": "candidate_images/alex.png", "main_image": true}}, {"model": "candidates.candidateimage", "pk": 8, "fields": {"candidate": 3, "image": "candidate_images/javie.png", "main_image": true}}, {"model": "candidates.candidateimage", "pk": 9, "fields": {"candidate": 4, "image": "candidate_images/andrei.png", "main_image": true}}, {"model": "candidates.candidateimage", "pk": 10, "fields": {"candidate": 5, "image": "candidate_images/IMG_3951.jpg", "main_image": false}}, {"model": "candidates.candidateimage", "pk": 11, "fields": {"candidate": 5, "image": "candidate_images/IMG_2654.jpg", "main_image": false}}, {"model": "candidates.candidateimage", "pk": 12, "fields": {"candidate": 5, "image": "candidate_images/IMG_2373.jpg", "main_image": false}}, {"model": "candidates.candidateimage", "pk": 14, "fields": {"candidate": 5, "image": "candidate_images/IMG_0626.jpg", "main_image": false}}, {"model": "candidates.candidateimage", "pk": 16, "fields": {"candidate": 5, "image": "candidate_images/5917779B-655A-4DFA-8908-F367180B0DB4_5vUWj1H.jpg", "main_image": false}}, {"model": "candidates.candidateimage", "pk": 17, "fields": {"candidate": 6, "image": "candidate_images/ruben.png", "main_image": true}}, {"model": "candidates.candidateimage", "pk": 18, "fields": {"candidate": 6, "image": "candidate_images/28650e05-1ef1-42a2-8dee-a6a8dbe674db.jpg", "main_image": false}}, {"model": "candidates.candidateimage", "pk": 19, "fields": {"candidate": 6, "image": "candidate_images/6221ef24-e5df-4b03-a013-5e35be90432f.jpg", "main_image": false}}, {"model": "candidates.candidateimage", "pk": 20, "fields": {"candidate": 6, "image": "candidate_images/11438189-936f-41a4-89a8-35151c2a948b.jpg", "main_image": false}}, {"model": "candidates.candidateimage", "pk": 21, "fields": {"candidate": 6, "image": "candidate_images/02216719-07f9-4d03-a06c-c76f34c44fc7.jpg", "main_image": false}}, {"model": "candidates.candidateimage", "pk": 22, "fields": {"candidate": 6, "image": "candidate_images/13557f57-7488-4f5c-afe5-5e50ae008008.jpg", "main_image": false}}, {"model": "candidates.candidateimage", "pk": 23, "fields": {"candidate": 6, "image": "candidate_images/9a5dccd7-5a46-4d63-8674-dd95b80ab04a.jpg", "main_image": false}}, {"model": "candidates.candidateimage", "pk": 24, "fields": {"candidate": 1, "image": "candidate_images/IMG_7891.jpg", "main_image": false}}, {"model": "candidates.candidateimage", "pk": 25, "fields": {"candidate": 1, "image": "candidate_images/IMG_5833.jpg", "main_image": false}}, {"model": "candidates.candidateimage", "pk": 26, "fields": {"candidate": 1, "image": "candidate_images/IMG_4368.jpg", "main_image": false}}, {"model": "candidates.candidateimage", "pk": 27, "fields": {"candidate": 1, "image": "candidate_images/b25bcb16-2f56-4589-a603-8802097effe5.jpg", "main_image": false}}, {"model": "candidates.candidateimage", "pk": 28, "fields": {"candidate": 1, "image": "candidate_images/A5446B35-E159-4670-BF6F-A175EAA94EDF.jpg", "main_image": false}}, {"model": "candidates.candidateimage", "pk": 29, "fields": {"candidate": 1, "image": "candidate_images/1ea00aca-f10b-45e6-b007-0fcdba7036bd.jpg", "main_image": false}}, {"model": "candidates.candidateimage", "pk": 30, "fields": {"candidate": 3, "image": "candidate_images/IMG_9030.jpg", "main_image": false}}, {"model": "candidates.candidateimage", "pk": 31, "fields": {"candidate": 3, "image": "candidate_images/ca74ac35-ae7d-4d81-9275-b207ef90ab4b.jpg", "main_image": false}}, {"model": "candidates.candidateimage", "pk": 32, "fields": {"candidate": 3, "image": "candidate_images/bfcd7a25-a423-4b83-aa3d-328cca91c2e9.jpg", "main_image": false}}, {"model": "candidates.candidateimage", "pk": 33, "fields": {"candidate": 3, "image": "candidate_images/b7652eb9-52db-47f2-90b9-bf4c3ff629c7.jpg", "main_image": false}}, {"model": "candidates.candidateimage", "pk": 34, "fields": {"candidate": 3, "image": "candidate_images/29301177-F901-43ED-9855-2065925769DE.JPG", "main_image": false}}, {"model": "candidates.candidateimage", "pk": 35, "fields": {"candidate": 3, "image": "candidate_images/5dca7bb5-dd1e-4405-82e2-320f980dd227.jpg", "main_image": false}}, {"model": "candidates.candidateimage", "pk": 36, "fields": {"candidate": 3, "image": "candidate_images/c9d0854a-bbeb-4695-95e4-a9d598a96c72.jpeg", "main_image": false}}, {"model": "voting.category", "pk": 1, "fields": {"code": "CU", "name": "Cuñao del Año", "image": "", "description": "El más cuñao del año. \"Jefe, ponme otra que esta tiene un agujero\". \"Quiero un café solo, así que todo el mundo fuera del bar\". \"Apúntala en un hielo\". Todos las hemos oído.", "winner": null, "slug": "cunao-del-ano"}}, {"model": "voting.category", "pk": 2, "fields": {"code": "SA", "name": "Simp del año", "image": "", "description": "Esa persona que tiene la correa corta. No le ves el pelo desde que se ha echao novia (o novio, que hoy en día ya no se sabe).\r\nLas malas lenguas dicen que se pasa las noches llorando mientras piensa en el DJ Mango Squad.", "winner": null, "slug": "simp-del-ano"}}, {"model": "voting.category", "pk": 3, "fields": {"code": "VA", "name": "Virgen del Año", "image": "", "description": "La última vez que mojó el churro fue en el líquido amniótico de la panza de su puta madre. O eso, o lleva 723 rankeds de soloq esta season.", "winner": null, "slug": "virgen-del-ano"}}, {"model": "voting.category", "pk": 4, "fields": {"code": "PU", "name": "Putero del Año", "image": "", "description": "El cabrón piensa con la polla en lugar de con la cabeza. En cuanto ve dos bufas solo se le vienen dos palabras a la cabeza: \"PENE\" \"METER\". Es probable que sus instintos sean más fuertes que él.", "winner": null, "slug": "putero-del-ano"}}, {"model": "voting.category", "pk": 5, "fields": {"code": "AA", "name": "Autista del Año", "image": "", "description": "Esa persona que hace las cosas de \"otra manera\" (por lo general parece subnormal). Es normal pensar de esta persona como un pobrecito cuandoa actúa.", "winner": null, "slug": "autista-del-ano"}}, {"model": "voting.category", "pk": 6, "fields": {"code": "GA", "name": "Galeanada del Año", "image": "", "description": "XD", "winner": null, "slug": "galeanada-del-ano"}}, {"model": "voting.category", "pk": 8, "fields": {"code": "SM", "name": "Sticker Master del Año", "image": "", "description": "¿Quién no ha buscado el sticker perfecto para la ocasión sin llegar a encontrarlo? Esta persona es todo lo contrario, siempre tiene el sticker perfecto. Parece que hasta lo tenga preparado el cabrón.", "winner": null, "slug": "sticker-master-del-ano"}}, {"model": "voting.category", "pk": 9, "fields": {"code": "BA", "name": "Barrabasada del Año", "image": "", "description": "El que dice la mayor cantidad de factos/segundo. A veces da miedo lo que sale de su boca. Si le escuchara la comunidad woke, ya estaría a tres metros bajo el suelo.", "winner": null, "slug": "barrabasada-del-ano"}}, {"model": "voting.category", "pk": 10, "fields": {"code": "OK", "name": "Otaku del Año", "image": "", "description": "El que ha pasado más horas en la cueva viendo monas chinas que al aire libre. Esta persona se ha visto 5711h de anime este año, o lo que sería equivalentet en medidas otakus, 13,56 unidades de One Piece", "winner": null, "slug": "otaku-del-ano"}}, {"model": "voting.category", "pk": 11, "fields": {"code": "CO", "name": "Conductor del Año", "image": "", "description": "Sí, él Dominic Toreto del grupo. El que siempre pone el coche y nos lleva a todos sanos y salvos del punto A al punto B. Habría que pagarle en mamadas lo que se ha dejado en gasolina", "winner": null, "slug": "conductor-del-ano"}}, {"model": "voting.category", "pk": 12, "fields": {"code": "CI", "name": "Cinéfilo del Año", "image": "", "description": "Sus películas nos han hecho reír, llorar, pensar e incluso nos la han puesto dura. Qué menos que agradecérselo de esta manera", "winner": null, "slug": "cinefilo-del-ano"}}, {"model": "voting.category", "pk": 13, "fields": {"code": "FU", "name": "Fumón del Año", "image": "", "description": "El cabrón tiene los pulmones carbonizados. Sacó un 0 en el TFG porque se pensaba que hablaban de THC, y fue fumado a la presentación. Por lo menos siempre comparte.", "winner": null, "slug": "fumon-del-ano"}}, {"model": "voting.category", "pk": 14, "fields": {"code": "IM", "name": "Íbero Macho del Año", "image": "", "description": "El más español. El más pura raza. El más pata negra. Posiblemente sea descendiente del mismísimo caudillo Francisco Franco. Es más español que la tortilla de patatas.", "winner": null, "slug": "ibero-macho-del-ano"}}, {"model": "voting.category", "pk": 15, "fields": {"code": "AL", "name": "Alcohólico del Año", "image": "", "description": "Por suerte nunca hubo que llevarlo a la UCI a que le hicieran un lavado de estómago. Siempre sabemos cómo acaba. Es el típico que diría \"¿Si saben como me pongo para qué me invitan?\".", "winner": null, "slug": "alcoholico-del-ano"}}, {"model": "voting.category", "pk": 16, "fields": {"code": "CA", "name": "Calvo del Año", "image": "", "description": "Estamos llegando a una edad en la que tener pelo es algo que deberíamos apreciar. Este premio es para aquellos que por desgracia no tienen la suficiente fuerza capilar para mantener sus folículos incrustados en su piel. DEP en paz.", "winner": null, "slug": "calvo-del-ano"}}, {"model": "voting.category", "pk": 17, "fields": {"code": "AF", "name": "Alfa del Año", "image": "", "description": "Toda manada necesita su \"líder\". Este premio es para él, para el lobo alfa de la manada.", "winner": null, "slug": "alfa-del-ano"}}, {"model": "voting.vote", "pk": 43, "fields": {"user": 1, "candidate": 2, "category": 1, "points": 1}}, {"model": "voting.vote", "pk": 44, "fields": {"user": 1, "candidate": 1, "category": 1, "points": 2}}, {"model": "voting.vote", "pk": 45, "fields": {"user": 1, "candidate": 3, "category": 1, "points": 4}}, {"model": "voting.vote", "pk": 46, "fields": {"user": 1, "candidate": 1, "category": 2, "points": 1}}, {"model": "voting.vote", "pk": 47, "fields": {"user": 1, "candidate": 2, "category": 2, "points": 2}}, {"model": "voting.vote", "pk": 48, "fields": {"user": 1, "candidate": 3, "category": 2, "points": 4}}, {"model": "voting.vote", "pk": 52, "fields": {"user": 1, "candidate": 1, "category": 4, "points": 1}}, {"model": "voting.vote", "pk": 53, "fields": {"user": 1, "candidate": 2, "category": 4, "points": 2}}, {"model": "voting.vote", "pk": 54, "fields": {"user": 1, "candidate": 3, "category": 4, "points": 4}}, {"model": "voting.vote", "pk": 55, "fields": {"user": 1, "candidate": 3, "category": 3, "points": 1}}, {"model": "voting.vote", "pk": 56, "fields": {"user": 1, "candidate": 4, "category": 3, "points": 2}}, {"model": "voting.vote", "pk": 57, "fields": {"user": 1, "candidate": 5, "category": 3, "points": 4}}, {"model": "voting.vote", "pk": 58, "fields": {"user": 1, "candidate": 5, "category": 15, "points": 1}}, {"model": "voting.vote", "pk": 59, "fields": {"user": 1, "candidate": 1, "category": 15, "points": 2}}, {"model": "voting.vote", "pk": 60, "fields": {"user": 1, "candidate": 3, "category": 15, "points": 4}}, {"model": "voting.vote", "pk": 61, "fields": {"user": 1, "candidate": 2, "category": 5, "points": 1}}, {"model": "voting.vote", "pk": 62, "fields": {"user": 1, "candidate": 1, "category": 5, "points": 2}}, {"model": "voting.vote", "pk": 63, "fields": {"user": 1, "candidate": 3, "category": 5, "points": 4}}, {"model": "voting.vote", "pk": 64, "fields": {"user": 1, "candidate": 6, "category": 9, "points": 1}}, {"model": "voting.vote", "pk": 65, "fields": {"user": 1, "candidate": 1, "category": 9, "points": 2}}, {"model": "voting.vote", "pk": 66, "fields": {"user": 1, "candidate": 5, "category": 9, "points": 4}}, {"model": "voting.vote", "pk": 67, "fields": {"user": 1, "candidate": 4, "category": 16, "points": 1}}, {"model": "voting.vote", "pk": 68, "fields": {"user": 1, "candidate": 5, "category": 16, "points": 2}}, {"model": "voting.vote", "pk": 69, "fields": {"user": 1, "candidate": 6, "category": 16, "points": 4}}, {"model": "voting.vote", "pk": 70, "fields": {"user": 1, "candidate": 4, "category": 12, "points": 1}}, {"model": "voting.vote", "pk": 71, "fields": {"user": 1, "candidate": 5, "category": 12, "points": 2}}, {"model": "voting.vote", "pk": 72, "fields": {"user": 1, "candidate": 6, "category": 12, "points": 4}}, {"model": "voting.vote", "pk": 73, "fields": {"user": 1, "candidate": 5, "category": 11, "points": 1}}, {"model": "voting.vote", "pk": 74, "fields": {"user": 1, "candidate": 2, "category": 11, "points": 2}}, {"model": "voting.vote", "pk": 75, "fields": {"user": 1, "candidate": 1, "category": 11, "points": 4}}, {"model": "voting.vote", "pk": 76, "fields": {"user": 1, "candidate": 7, "category": 13, "points": 1}}, {"model": "voting.vote", "pk": 77, "fields": {"user": 1, "candidate": 1, "category": 13, "points": 2}}, {"model": "voting.vote", "pk": 78, "fields": {"user": 1, "candidate": 5, "category": 13, "points": 4}}, {"model": "voting.vote", "pk": 79, "fields": {"user": 1, "candidate": 1, "category": 6, "points": 1}}, {"model": "voting.vote", "pk": 80, "fields": {"user": 1, "candidate": 3, "category": 6, "points": 2}}, {"model": "voting.vote", "pk": 81, "fields": {"user": 1, "candidate": 2, "category": 6, "points": 4}}, {"model": "voting.vote", "pk": 82, "fields": {"user": 1, "candidate": 5, "category": 14, "points": 1}}, {"model": "voting.vote", "pk": 83, "fields": {"user": 1, "candidate": 2, "category": 14, "points": 2}}, {"model": "voting.vote", "pk": 84, "fields": {"user": 1, "candidate": 1, "category": 14, "points": 4}}, {"model": "voting.vote", "pk": 85, "fields": {"user": 1, "candidate": 2, "category": 10, "points": 1}}, {"model": "voting.vote", "pk": 86, "fields": {"user": 1, "candidate": 1, "category": 10, "points": 2}}, {"model": "voting.vote", "pk": 87, "fields": {"user": 1, "candidate": 4, "category": 10, "points": 4}}, {"model": "voting.vote", "pk": 88, "fields": {"user": 1, "candidate": 7, "category": 8, "points": 1}}, {"model": "voting.vote", "pk": 89, "fields": {"user": 1, "candidate": 1, "category": 8, "points": 2}}, {"model": "voting.vote", "pk": 90, "fields": {"user": 1, "candidate": 4, "category": 8, "points": 4}}]